Référence;LOT NUMBER;UDI Box
CP1490/XL;1912S0015;1117101912S0015
CP1690/XL;1912S0016;1117101912S0016
CP1870/XL;1912R0025;1117101912R0025
CP2240/XL;1912R0026;1117101912R0026
CP2240/XL;1912S0017;1117101912S0017
CP2250/XL;1912R0027;1117101912R0027
CP2250/XL;1912S0018;1117101912S0018
CP2270/XL;1912R0028;1117101912R0028
CP2270/XL;1912S0019;1117101912S0019
CP2350/XL;1912R0029;1117101912R0029
CP2350/XL;1912S0020;1117101912S0020
CP2540/XL;1912R0030;1117101912R0030
CP2540/XL;1912S0021;1117101912S0021
CP2550/XL;1912R0031;1117101912R0031
CP2550/XL;1912S0022;1117101912S0022
CP2560/XL;1912S0023;1117101912S0023
CP3025/XL;1912S0024;1117101912S0024
NP3013XL;1912W0034;1117101912W0034
KE2250;1912W0032;1117101912W0032
KE2550;1912W0033;1117101912W0033
CS2250/L;3403;1117103403
CS2250/L;3404;1117103404
CS2250/L;3405;1117103405
CS2250/L;3406;1117103406
CEGS2250;2003N0050;1117102003N0050
CEGS2250;2004N0053;1117102004N0053
CEGS2250;2005N0058;1117102005N0058
CEGS2370;2004N0054;1117102004N0054
CEGS2370;2005N0059;1117102005N0059
CEGS2540;2004N0055;1117102004N0055
CEGS2540;2005N0060;1117102005N0060
CEGS2550;2003N0051;1117102003N0051
CEGS2550;2004N0056;1117102004N0056
CEGS2550;2005N0061;1117102005N0061
CEGS2740;2003N0052;1117102003N0052
CEGS2740;2004N0057;1117102004N0057
CEGS2740;2005N0062;1117102005N0062
CP1870/XL;2003N0035;1117102003N0035
CP2250/XL;2003N0036;1117102003N0036
CP2250/XL;2004N0043;1117102004N0043
CP2290/XL;2003N0037;1117102003N0037
CP2290/XL;2004R0041;1117102004R0041
CP2350/XL;2003N0038;1117102003N0038
CP2540/XL;2003N0039;1117102003N0039
CP2540/XL;2004N0044;1117102004N0044
CP2550/XL;2003N0040;1117102003N0040
CP2550/XL;2004N0045;1117102004N0045
CP2550/XL;2004R0042;1117102004R0042
KE2250;2003W0046;1117102003W0046
KE2250;2004W0048;1117102004W0048
KE2550;2003W0047;1117102003W0047
KE2550;2004W0049;1117102004W0049
CS1870/N;3474;1117103474
CP2250/XL;2009S0076;010376024660043911209251725825102009S0076
CP2270/XL;2009S0077;010376024660044611209251725825102009S0077
CP2350/XL;2009S0078;010376024660047711209251725825102009S0078
CP2540/XL;2009S0079;010376024660048411209251725825102009S0079
CP2550/XL;2009S0080;010376024660049111209251725825102009S0080
CP2560/XL;2009S0081;010376024660050711209251725825102009S0081
CP2740/XL;2009S0082;010376024660052111209251725825102009S0082
CS2240/L;3475;1117103475
CP1690/XL;2101N0001;01037602466003921121011017251210102101N0001
CP1870/XL;2101N0002;01037602466004151121011017251210102101N0002
CP1890/XL;2101N0003;01037602466011771121011017251210102101N0003
CP2070/XL;2101N0004;01037602466011841121011017251210102101N0004
CP2090/XL;2101N0005;01037602466011911121011017251210102101N0005
CP2240/XL;2101N0006;01037602466004221121011017251210102101N0006
CP2250/XL;2101N0007;01037602466004391121011017251210102101N0007
CP2250/XL;2101R0014;01037602466004391121011117251211102101R0014
CP2270/XL;2101N0008;01037602466004461121011017251210102101N0008
CP2270/XL;2101R0015;01037602466004461121011117251211102101R0015
CP2330/XL;2101N0009;01037602466004601121011017251210102101N0009
CP2530/XL;2101N0010;01037602466039281121011017251210102101N0010
CP2540/XL;2101N0011;01037602466004841121011017251210102101N0011
CP2550/XL;2101N0012;01037602466004911121011017251210102101N0012
CP2550/XL;2101R0016;01037602466004911121011117251211102101R0016
CP2740/XL;2101N0013;01037602466005211121011017251210102101N0013
NP2540XL;2101W0020;01037602466000021121011317251213102101W0020
NP2713XL;2101W0017;01037602466002241121011217251212102101W0017
NP2713XL;2101W0021;01037602466002241121011317251213102101W0021
NP2740XL;2101W0022;01037602466002311121011317251213102101W0022
NP3004XL;2101W0023;01037602466002481121011317251213102101W0023
NP3006XL;2101W0018;01037602466002551121011217251212102101W0018
NP3013XL;2101W0019;01037602466002621121011217251212102101W0019
CP1870/XL;2103N0024;01037602466004151121030517260205102103N0024
CP1870/XL;2103R0040;01037602466004151121032517260225102103R0040
CP2240/XL;2103N0025;01037602466004221121030517260205102103N0025
CP2250/XL;2103N0026;01037602466004391121030517260205102103N0026
CP2250/XL;2103R0041;01037602466004391121032517260225102103R0041
CP2270/XL;2103N0027;01037602466004461121030517260205102103N0027
CP2270/XL;2103R0042;01037602466004461121032517260225102103R0042
CP2330/XL;2103N0028;01037602466004601121030517260205102103N0028
CP2530/XL;2103N0029;01037602466039281121030517260205102103N0029
CP2540/XL;2103N0030;01037602466004841121030517260205102103N0030
CP2550/XL;2103N0031;01037602466004911121030517260205102103N0031
CP2550/XL;2103R0043;01037602466004911121032517260225102103R0043
CP2560/XL;2103N0032;01037602466005071121030517260205102103N0032
CP2740/XL;2103N0033;01037602466005211121030517260205102103N0033
CP2740/XL;2103R0044;01037602466005211121032517260225102103R0044
CP2750/XL;2103N0034;01037602466039661121030517260205102103N0034
CEGS2370;2103N0035;01037602466039591121032817260228102103N0035
CEGS2540;2103N0036;01037602466000401121032817260228102103N0036
CEGS2550;2103N0037;01037602466005451121032817260228102103N0037
CEGS2560;2103N0038;01037602466005691121032817260228102103N0038
CEGS2740;2103N0039;01037602466005761121032817260228102103N0039
CEGS2540;2104N0058;01037602466000401121042817250526102104W0058
CEGS2550;2104N0059;01037602466005451121042817250526102104W0059
CEGS2560;2104N0060;01037602466005691121042817250526102104W0060
CEGS2740;2104N0061;01037602466005761121042817250526102104W0061
CP1490/XL;2104N0045;01037602466000331121042517250526102104W0045
CP2250/XL;2104N0048;01037602466004391121042517250526102104W0048
CP2330/XL;2104N0049;01037602466004601121042517250526102104W0049
CP2350/XL;2104N0050;01037602466004771121042517250526102104W0050
CP2540/XL;2104N0051;01037602466004841121042517250526102104W0051
CP2550/XL;2104N0052;01037602466004911121042517250526102104W0052
CP2560/XL;2104N0053;01037602466005071121042517250526102104W0053
CP2740/XL;2104N0054;01037602466005211121042517250526102104W0054
CP2750/XL;2104N0055;01037602466039661121042517250526102104W0055
CEGS2540;2106N0069;01037602466000401121061517250526102106W0069
CEGS2550;2106N0070;01037602466005451121061517250526102106N0070
CEGS2560;2106N0071;01037602466005691121061517250526102106W0071
CEGS2740;2106N0072;01037602466005761121061517250526102106N0072
CP2250/XL;2106N0063;01037602466004391121061017250526102106W0063
CP2330/XL;2106N0064;01037602466004601121061017250526102106W0064
CP2350/XL;2106N0065;01037602466004771121061017250526102106W0065
CP2540/XL;2106N0066;01037602466004841121061017250526102106W0066
CP2550/XL;2106N0067;01037602466004911121061017250526102106W0067
CP2560/XL;2106N0068;01037602466005071121061017250526102106W0068
CEGS2540;2107W0079;01037602466000401121072017250526102107W0079
CEGS2740;2107W0080;01037602466005451121072017250526102107W0080
CP1690/XL;2104N0046;01037602466003921121042517250526102104W0046
CP1870/XL;2104N0047;01037602466004151121042517250526102104W0047
CP2250/XL;2107W0074;01037602466004391121071217250526102107W0074
CP2540/XL;2107W0075;01037602466004841121071217250526102107W0075
CP2550/XL;2107W0076;01037602466004911121071217250526102107W0076
CP2560/XL;2107W0077;01037602466005071121071217250526102107W0077
CP2613/XL;2107W0078;01037602466039351121071217250526102107W0078
CP1490/XL;2107W0073;01037602466000331121071217250526102107W0073
CP2240/XL;2108W0082;01037602466004221121080517250526102108W0082
CP2250/XL;2108W0083;01037602466004391121080517250526102108W0083
CP2540/XL;2108W0085;01037602466004841121080517250526102108W0085
CP2550/XL;2108W0086;01037602466004911121080517250526102108W0086
CP2613/XL;2108W0087;01037602466039351121080517250526102108W0087
CP3025/XL;2108W0088;01037602466005381121080517250526102108W0088
CEGS2250;2109W0096;01037602466039421121090817250526102109W0096
CEGS2550;2109W0097;01037602466005451121090817250526102109W0097
CP1490/XL;2108W0089;01037602466000331121092517250526102108W0089
CP1670/XL;2108W0090;01037602466003851121092517250526102108W0090
CP2240/XL;2108W0092;01037602466004221121092517250526102108W0092
CP2290/XL;2108W0093;01037602466004531121092517250526102108W0093
CP2350/XL;2108W0094;01037602466004771121092517250526102108W0094
CP2740/XL;2108W0095;01037602466005211121092517250526102108W0095
CP1690/XL;2108W0091;01037602466003921121092517250526102108W0091
CP1690/XL;2110W0101;01037602466003921121102017250526102110W0101
CP1870/XL;2108W0081;01037602466004151121080517250526102108W0081
CP1870/XL;2109W0098;01037602466004151121092017250526102109W0098
CP1890/XL;2109W0099;01037602466011771121092017250526102109W0099
CP2240/XL;2110W0102;01037602466004221121102017250526102110W0102
CP2250/XL;2110W0103;01037602466004391121102017250526102110W0103
CP2270/XL;2108W0084;01037602466004461121080517250526102108W0084
CP2270/XL;2110W0104;01037602466004461121102017250526102110W0104
CP2290/XL;2110W0105;01037602466004531121102017250526102110W0105
CP2330/XL;2110W0106;01037602466004601121102017250526102110W0106
CP2350/XL;2110W0107;01037602466004771121061017250526102106W0065
CP2530/XL;2110W0108;01037602466039281121102017250526102110W0108
CP2540/XL;2110W0109;01037602466004841121102017250526102110W0109
CP2550/XL;2110N0100;01037602466004911121092817250526102110N0100
CP2550/XL;2110W0110;01037602466004911121102017250526102110W0110
CP2560/XL;2110W0111;01037602466005071121102017250526102110W0111
CP2740/XL;2110W0112;01037602466005211121102017250526102110W0112
CP2750/XL;2110W0113;01037602466039661121102017250526102110W0113
CEGS2370;2110W0114;01037602466039591121102517250526102110W0114
CEGS2550;2110W0115;01037602466005451121102517250526102110W0115
CEGS2250;2112W0118;01037602466039421121122017250526102112W0118
CEGS2550;2112W0119;01037602466005451121122017250526102112W0119
CEGS2560;2112W0120;01037602466005691121122017250526102112W0120
CP1490/XL;2112W0116;01037602466000331121122517250526102112W0116
CP1490/XL;2201W0121;01037602466000331122011017261210102201W0121
CP1690/XL;2112W0117;01037602466003921121122517250526102112W0117
CP1890/XL;2201W0122;01037602466011771122011017261210102201W0122
CP2090/XL;2201W0123;01037602466011911122011017261210102201W0123
CP2270/XL;2201W0124;01037602466004461122011017261210102201W0124
CP2560/XL;2201W0125;01037602466005071122011017261210102201W0125
CEGS2370;2201W0126;01037602466039591122011517261215102201W0126
CEGS2540;2201W0127;01037602466000401122011517261215102201W0127
CEGS2550;2201W0128;01037602466005451122011517261215102201W0128
CEGS2560;2201W0129;01037602466005691122011517261215102201W0129
CP1490/XL;2203W0142;01037602466000331122031017270210102203W0142
CP1670/XL;2202W0130;01037602466003851122022017270120102202W0130
CP1690/XL;2202W0131;01037602466003921122022017270120102202W0131
CP1870/XL;2203W0143;01037602466004151122031017270210102203W0143
CP1890/XL;2203W0144;01037602466011771122031017270210102203W0144
CP2070/XL;2203W0145;01037602466011841122031017270210102203W0145
CP2240/XL;2202W0132;01037602466004221122022017270120102202W0132
CP2250/XL;2202W0133;01037602466004391122022017270120102202W0133
CP2290/XL;2202W0134;01037602466004531122022017270120102202W0134
CP2350/XL;2202W0135;01037602466004771122022017270120102202W0135
CP2350/XL;2203W0146;01037602466004771122031017270210102203W0146
CP2530/XL;2202W0136;01037602466039281122022017270110102202W0136
CP2540/XL;2203W0147;01037602466004841122031017270210102203W0147
CP2550/XL;2202W0137;01037602466004911122022017270120102202W0137
CP2550/XL;2203W0148;01037602466004911122031017270210102203W0148
CP2560/XL;2202W0138;01037602466005071122022017270120102202W0138
CP2740/XL;2202W0139;01037602466005211122022017270120102202W0139
CP2750/XL;2202W0140;01037602466039661122022017270120102202W0140
CP3025/XL;2202W0141;01037602466005381122022017270120102202W0141
CP1490/XL;2204W0154;01037602466000331122042017270320102204W0154
CP1670/XL;2204W0155;01037602466003851122042017270320102204W0155
CP2240/XL;2204W0156;01037602466004221122042017270320102204W0156
CP2250/XL;2204W0157;01037602466039421122042017270320102204W0157
CP2270/XL;2204W0158;01037602466004461122042017270320102204W0158
CP2290/XL;2204W0159;01037602466004531122042017270320102204W0159
CP2330/XL;2204W0160;01037602466004601122042017270320102204W0160
CP2540/XL;2204W0161;01037602466004841122042017270320102204W0161
CP2550/XL;2204W0162;01037602466004911122042017270320102204W0162
CP2560/XL;2204W0163;01037602466005071122042017270320102204W0163
CP2750/XL;2204W0164;01037602466039661122022017270320102204W0164
CP3025/XL;2204W0165;01037602466005381122042017270320102204W0165
CPF2555/XL;2204W0170;01037602466039971122042517270325102204W0170
CEGS2250;2203W0149;01037602466039421122031517270215102203W0149
CEGS2350;2204W0166;01037602466011391122043017270330102204W0166
CEGS2370;2203W0150;01037602466039591122031517270215102203W0150
CEGS2540;2203W0151;01037602466000401122031517270215102203W0151
CEGS2540;2204W0167;01037602466000401122043017270330102204W0167
CEGS2550;2203W0152;01037602466005451122031517270215102203W0152
CEGS2550;2204W0168;01037602466005451122043017270330102204W0168
CEGS2560;2203W0153;01037602466005691122031517270215102203W0153
CEGS2560;2204W0169;01037602466005691122043017270330102204W0169
CEGS2560;2204W0169;01037602466005691122043017270330102204W0169
CEGS2350;2205W0178;01037602466011391122051517270415102205W0178
CEGS2540;2205W0179;01037602466000401122051517270415102205W0179
CEGS2550;2205W0180;01037602466005451122051517270415102205W0180
CEGS2250;2502W0372;01037602466039421125020817300108102502W0372
CP2290/XL;2205W0171;01037602466004531122051017270410102205W0171
CP2350/XL;2205W0173;01037602466004771122051017270410102205W0173
CP2290/XL;2210W0219;01037602466004531122102517271025102210W0219
CP2330/XL;2205W0172;01037602466004601122051017270410102205W0172
CP2540/XL;2205W0174;01037602466004841122051017270410102205W0174
CP2550/XL;2205W0175;01037602466004911122051017270410102205W0175
CP2560/XL;2205W0176;01037602466005071122051017270410102205W0176
CP2740/XL;2205W0177;01037602466005211122051017270410102205W0177
CEGS2250;2210W0203;01037602466039421122102017270920102210W0203
CEGS2550;2210W0208;01037602466005451122102017270920102210W0208
CEGS2740;2210W0210;01037602466005761122102017270920102210W0210
CP1490/XL;2210W0182;01037602466000331122101117270911102210W0182
CP1870/XL;2210W0185;01037602466004151122101117270911102210W0185
CP2240/XL;2210W0189;01037602466004221122101117270911102210W0189
CP2270/XL;2210W0191;01037602466004461122101117270911102210W0191
CP2290/XL;2210W0192;01037602466004531122101117270911102210W0192
CP2350/XL;2210W0194;01037602466004771122101117270911102210W0194
CP2540/XL;2210W0196;01037602466004841122101117270911102210W0196
CP2613/XL;2210W0199;01037602466039351122101117270911102210W0199
CP2740/XL;2210W0200;01037602466005211122101117270911102210W0200
CP2750/XL;2210W0201;01037602466039661122101117270911102210W0201
CEGS2330;2211W0230;01037602466011221122111017271110102211W0230
CEGS2540;2210W0207;01037602466000401122102017270920102210W0207
CP1490/XL;2212W0242;01037602466000331122121517271115102212W0242
CP1690/XL;2210W0184;01037602466003921122101117270911102210W0184
CP1870/XL;2210W0214;01037602466004151122102517271025102210W0214
CP2250/XL;2212N0238;01037602466039421122120517271105102212N0238
CP2330/XL;2210W0220;01037602466004601122102517271025102210W0220
CP2550/XL;2212N0241;01037602466004911122120517271105102212N0241
CP2550/XL;2212W0252;01037602466004911122121517271115102212W0252
CP2560/XL;2212W0253;01037602466005071122121517271115102212W0253
CP2750/XL;2212W0256;01037602466039661122121517271115102212W0256
CPF2555/XL;2212W0257;01037602466039971122121517271115102212W0257
CEGS2250;2210W0203;01037602466039421122102017270920102210W0203
CEGS2250;2211W0229;01037602466039421122111017271110102211W0229
CEGS2330;2210W0204;01037602466011221122102017270920102210W0204
CEGS2350;2210W0205;01037602466011391122102017270920102210W0205
CEGS2350;2211W0231;01037602466011391122111017271110102211W0231
CEGS2370;2210W0206;01037602466039591122102017270920102210W0206
CEGS2370;2211W0232;01037602466039591122111017271110102211W0232
CEGS2540;2211W0233;01037602466000401122111017271110102211W0233
CEGS2540;2211W0233;01037602466000401122111017271110102211W0233
CEGS2540;2212W0258;01037602466000401122121017271110102212W0258
CEGS2550;2210W0208;01037602466005451122102017270920102210W0208
CEGS2550;2211W0234;01037602466005451122111017271110102211W0234
CEGS2550;2212W0259;01037602466005451122121017271110102212W0259
CEGS2560;2210W0209;01037602466005691122102017270920102210W0209
CEGS2560;2211W0235;01037602466005691122111017271110102211W0235
CEGS2560;2211W0235;01037602466005691122111017271110102211W0235
CEGS2560;2212W0260;01037602466005691122121017271110102212W0260
CEGS2740;2210W0210;01037602466005761122102017270920102210W0210
CP1490/XL;2210W0182;01037602466000331122101117270911102210W0182
CP1490/XL;2210W0211;01037602466000331122102517271025102210W0211
CP1670/XL;2210W0183;01037602466003851122101117270910102210W0183
CP1670/XL;2210W0212;01037602466003851122102517270910102210W0212
CP1690/XL;2210W0213;01037602466003921122102517271025102210W0213
CP1690/XL;2212W0243;01037602466003921122121517271115102212W0243
CP1870/XL;2210W0185;01037602466004151122101117270911102210W0185
CP1870/XL;2212W0244;01037602466004151122121517271115102212W0244
CP1890/XL;2210W0186;01037602466011771122101117270911102210W0186
CP1890/XL;2210W0215;01037602466011771122102517271025102210W0215
CP1890/XL;2212N0236;01037602466011771122120517271105102212N0236
CP2070/XL;2210W0187;01037602466011841122101117270911102210W0187
CP2090/XL;2210W0188;01037602466011911122101117270911102210W0188
CP2090/XL;2210W0188;01037602466011911122101117270911102210W0188
CP2090/XL;2212N0237;01037602466011911122120517271105102212N0237
CP2240/XL;2210W0189;01037602466004221122101117270911102210W0189
CP2240/XL;2210W0216;01037602466004221122102517271025102210W0216
CP2240/XL;2212W0245;01037602466004221122121517271115102212W0245
CP2250/XL;2210W0190;01037602466039421122101117270911102210W0190
CP2250/XL;2210W0217;01037602466039421122102517271025102210W0217
CP2250/XL;2212W0246;01037602466039421122121517271115102212W0246
CP2270/XL;2210W0191;01037602466004461122101117270911102210W0191
CP2270/XL;2210W0218;01037602466004461122102517271025102210W0218
CP2270/XL;2212N0239;01037602466004461122120517271105102212N0239
CP2270/XL;2212W0247;01037602466004461122121517271115102212W0247
CP2290/XL;2210W0192;01037602466004531122101117270911102210W0192
CP2290/XL;2210W0219;01037602466004531122102517271025102210W0219
CP2290/XL;2212W0248;01037602466004531122121517271115102212W0248
CP2330/XL;2210W0193;01037602466004601122101117270911102210W0193
CP2350/XL;2210W0194;01037602466004771122101117270911102210W0194
CP2350/XL;2210W0221;01037602466004771122102517271025102210W0221
CP2350/XL;2212N0240;01037602466004771122120517271105102212N0240
CP2350/XL;2212W0249;01037602466004771122121517271115102212W0249
CP2530/XL;2210W0195;01037602466039281122101117270911102210W0195
CP2530/XL;2210W0222;01037602466039281122102517271025102210W0222
CP2530/XL;2212W0250;01037602466039281122121517271115102212W0250
CP2540/XL;2210W0196;01037602466004841122101117270911102210W0196
CP2540/XL;2210W0223;01037602466004841122102517271025102210W0223
CP2540/XL;2212W0251;01037602466004841122121517271115102212W0251
CP2550/XL;2210W0197;01037602466004911122101117270911102210W0197
CP2550/XL;2210W0224;01037602466004911122102517271025102210W0224
CP2560/XL;2210W0198;01037602466005071122101117270911102210W0198
CP2560/XL;2210W0225;01037602466005071122102517271025102210W0225
CP2613/XL;2210W0199;01037602466039351122101117270911102210W0199
CP2613/XL;2212W0254;01037602466039351122121517271115102212W0254
CP2740/XL;2210W0200;01037602466005211122101117270911102210W0200
CP2740/XL;2210W0226;01037602466005211122102517271025102210W0226
CP2740/XL;2212W0255;01037602466005211122121517271115102212W0255
CP2750/XL;2210W0201;01037602466039661122101117270911102210W0201
CP2750/XL;2210W0227;01037602466039661122102517271025102210W0227
CEGS2330;2210W0204;01037602466011221122102017270920102210W0204
CEGS2350;2210W0205;01037602466011391122102017270920102210W0205
CEGS2370;2210W0206;01037602466039591122102017270920102210W0206
CEGS2540;2212W0258;01037602466000401122121017271110102212W0258
CEGS2550;2212W0259;01037602466005451122121017271110102212W0259
CEGS2560;2210W0209;01037602466005691122102017270920102210W0209
CEGS2560;2212W0260;01037602466005691122121017271110102212W0260
CP1690/XL;2212W0243;01037602466003921122121517271115102212W0243
CP1870/XL;2212W0244;01037602466004151122121517271115102212W0244
CP2240/XL;2212W0245;01037602466004221122121517271115102212W0245
CP2250/XL;2210W0190;01037602466039421122101117270911102210W0190
CP2250/XL;2212W0246;01037602466039421122121517271115102212W0246
CP2330/XL;2210W0193;01037602466004601122101117270911102210W0193
CP2350/XL;2212W0249;01037602466004771122121517271115102212W0249
CP2540/XL;2212W0251;01037602466004841122121517271115102212W0251
CP2560/XL;2210W0198;01037602466005071122101117270911102210W0198
CEGS2250;2211W0229;01037602466039421122111017271110102211W0229
CP2550/XL;2210W0197;01037602466004911122101117270911102210W0197
CP2750/XL;2210W0227;01037602466039661122102517271025102210W0227
CP1670/XL;2210W0183;01037602466003851122101117270910102210W0183
CP1670/XL;2210W0212;01037602466003851122102517270910102210W0212
CP1890/XL;2210W0186;01037602466011771122101117270911102210W0186
CP1890/XL;2210W0215;01037602466011771122102517271025102210W0215
CP1890/XL;2212N0236;01037602466011771122120517271105102212N0236
CP2070/XL;2210W0187;01037602466011841122101117270911102210W0187
CP2090/XL;2210W0188;01037602466011911122101117270911102210W0188
CP2090/XL;2212N0237;01037602466011911122120517271105102212N0237
CP2270/XL;2210W0191;01037602466004461122101117270911102210W0191
CP2270/XL;2210W0218;01037602466004461122102517271025102210W0218
CP2270/XL;2212N0239;01037602466004461122120517271105102212N0239
CP2270/XL;2212W0247;01037602466004461122121517271115102212W0247
CP2290/XL;2210W0192;01037602466004531122101117270911102210W0192
CP2290/XL;2212W0248;01037602466004531122121517271115102212W0248
CP2350/XL;2210W0194;01037602466004771122101117270911102210W0194
CP2350/XL;2210W0221;01037602466004771122102517271025102210W0221
CP2350/XL;2212N0240;01037602466004771122120517271105102212N0240
CP2530/XL;2210W0195;01037602466039281122101117270911102210W0195
CP2530/XL;2210W0222;01037602466039281122102517271025102210W0222
CP2530/XL;2212W0250;01037602466039281122121517271115102212W0250
CP2740/XL;2210W0226;01037602466005211122102517271025102210W0226
CP2740/XL;2212W0255;01037602466005211122121517271115102212W0255
CEGS2250;2211W0229;01037602466039421122111017271110102211W0229
CEGS2350;2211W0231;01037602466011391122111017271110102211W0231
CEGS2370;2211W0232;01037602466039591122111017271110102211W0232
CEGS2550;2211W0234;01037602466005451122111017271110102211W0234
CP1490/XL;2210W0211;01037602466000331122102517271025102210W0211
CP1690/XL;2210W0213;01037602466003921122102517271025102210W0213
CP1870/XL;2210W0185;01037602466004151122101117270911102210W0185
CP2240/XL;2210W0216;01037602466004221122102517271025102210W0216
CP2250/XL;2210W0217;01037602466039421122102517271025102210W0217
CP2540/XL;2210W0223;01037602466004911122102517271025102210W0224
CP2550/XL;2210W0224;01037602466004911122102517271025102210W0224
CP2560/XL;2210W0225;01037602466005071122102517271025102210W0225
CP2613/XL;2212W0254;01037602466039351122121517271115102212W0254
CP3025/XL;2210W0202;01037602466005381122101117270911102210W0202
CEGS2350;2307W0282;01037602466011391123072117280621102307W0282
CEGS2250;2307W0266;01037602466039421123071517280615102307W0266
CEGS2540;2210W0207;01037602466000401122102017270920102210W0207
CP1690/XL;2210W0213;01037602466003921122102517271025102210W0213
CP1870/XL;2307W0271;01037602466004151123072017280620102307W0271
CP2070/XL;2307W0273;01037602466011841123072017280620102307W0273
CP2240/XL;2307W0275;01037602466004221123072017280620102307W0275
CP2250/XL;2212N0238;01037602466039421122120517271105102212N0238
CP2250/XL;2307W0262;01037602466039421123071017280610102307W0262
CP2550/XL;2212N0241;01037602466004911122120517271105102212N0241
CP2560/XL;2212W0253;01037602466005071122121517271115102212W0253
CP2750/XL;2212W0256;01037602466039661122121517271115102212W0256
CEGS2370;2307W0267;01037602466039591123071517280615102307W0267
CEGS2550;2307W0268;01037602466005451123071517280615102307W0268
CP1690/XL;2210W0213;01037602466003921122102517271025102210W0213
CP1870/XL;2210W0214;01037602466004151122102517271025102210W0214
CP1890/XL;2307W0272;01037602466011771123072017280620102307W0272
CP2250/XL;2307W0276;01037602466039421123072017280620102307W0276
CP2270/XL;2307W0263;01037602466004461123071017280610102307W0263
CP2290/XL;2307W0278;01037602466004531123072017280620102307W0278
CP2550/XL;2212W0252;01037602466004911122121517271115102212W0252
CP2560/XL;2212W0253;01037602466005071122121517271115102212W0253
CP2560/XL;2307W0280;01037602466005071123072017280620102307W0280
CP1490/XL;2210W0211;01037602466000331122102517271025102210W0211
CP2090/XL;2307W0274;01037602466011911123072017280620102307W0274
CP2240/XL;2307W0261;01037602466004221123010517280610102307W0261
CP2250/XL;2307W0276;01037602466039421123072017280620102307W0276
CP2270/XL;2307W0277;01037602466004461123072017280620102307W0277
CP2290/XL;2307W0278;01037602466004531123072017280620102307W0278
CP2550/XL;2212W0252;01037602466004911122121517271115102212W0252
CP2550/XL;2307W0265;01037602466004911123071017280610102307W0265
CEGS2560;2307W0269;01037602466005691123071517280615102307W0269
CP1490/XL;2210W0211;01037602466000331122102517271025102210W0211
CP1670/XL;2307W0270;01037602466003851123072017280620102307W0270
CP2270/XL;2307W0263;01037602466004461123071017280610102307W0263
CP2270/XL;2307W0277;01037602466004461123072017280620102307W0277
CP2330/XL;2210W0220;01037602466004601122102517271025102210W0220
CP2550/XL;2307W0265;01037602466004911123071017280610102307W0265
CP1490/XL;2210W0211;01037602466000331122102517271025102210W0211
CP1490/XL;2212W0242;01037602466000331122121517271115102212W0242
CP1690/XL;2210W0184;01037602466003921122101117270911102210W0184
CP1690/XL;2210W0213;01037602466003921122102517271025102210W0213
CP1870/XL;2210W0214;01037602466004151122102517271025102210W0214
CP2270/XL;2307W0277;01037602466004461123072017280620102307W0277
CP2350/XL;2307W0264;01037602466004771123071017280610102307W0264
CP2350/XL;2307W0279;01037602466004771123072017280620102307W0279
CP2740/XL;2307W0281;01037602466005211123072017280620102307W0281
CP1670/XL;2403W0294;01037602466003851122101117270911102403W0294
CP1690/XL;2403W0296;01037602466003921122101117270911102403W0296
CP1870/XL;2403W0298;01037602466004151122101117270911102403W0298
CP1890/XL;2403W0300;01037602466011771122101117270911102403W0300
CP2070/XL;2403W0303;01037602466011841122101117270911102403W0303
CP2090/XL;2403W0304;01037602466011911122101117270911102403W0304
CP2270/XL;2403W0309;01037602466004461122101117270911102403W0309
CP2290/XL;2403W0313;01037602466004531122101117270911102403W0313
CP2350/XL;2403W0316;01037602466004771122101117270911102403W0316
CP2530/XL;2403W0319;01037602466039281122101117270911102403W0319
CEGS2550;2205W0180;01037602466005451122051517270415102205W0180
CEGS2540;2403W0290;01037602466000401122102017270920102403W0290
CP1490/XL;2403W0292;01037602466000331122102517270925102403W0292
CP1670/XL;2403W0295;01037602466003851122102517270925102403W0295
CEGS2350;2405W0332;01037602466011391124051517290415102405W0332
CP1690/XL;2403W0297;01037602466003921122102517270925102403W0297
CP1870/XL;2403W0299;01037602466004151122102517270925102403W0299
CP1890/XL;2403W0301;01037602466011771122102517270925102403W0301
CP2240/XL;2403W0306;01037602466004221122102517270925102403W0306
CP2250/XL;2403W0307;01037602466039421122102517270925102403W0307
CP2270/XL;2403W0310;01037602466004461122102517270925102403W0310
CP2330/XL;2403W0315;01037602466004601122102517270925102403W0315
CP2350/XL;2403W0317;01037602466004771122102517270925102403W0317
CP2530/XL;2403W0320;01037602466039281122102517270925102403W0320
CP2540/XL;2403W0321;01037602466004841122102517270925102403W0321
CP2550/XL;2403W0322;01037602466004911122102517270925102403W0322
CP2560/XL;2403W0325;01037602466005071122102517270925102403W0325
CP2740/XL;2403W0328;01037602466005211122102517270925102403W0328
CEGS2250;2403W0286;01037602466039421122111017271010102211W0229
CEGS2330;2403W0287;01037602466011221122111017271010102403W0287
CEGS2350;2403W0288;01037602466011391122111017271010102403W0288
CEGS2370;2403W0289;01037602466039591122111017271010102403W0289
CEGS2550;2403W0291;01037602466005451122111017271010102403W0291
CP1890/XL;2403W0302;01037602466011771122120517271105102403W0302
CP2090/XL;2403W0305;01037602466011911122120517271105102403W0305
CP2250/XL;2403W0308;01037602466039421122120517271105102403W0308
CP2270/XL;2403W0311;01037602466004461122120517271105102403W0311
CP2350/XL;2403W0318;01037602466004771122120517271105102403W0318
CP2550/XL;2403W0323;01037602466004911122120517271105102403W0323
CP1490/XL;2403W0293;01037602466000331122121517271115102403W0293
CP2270/XL;2403W0312;01037602466004461122121517271115102403W0312
CP2290/XL;2403W0314;01037602466004531122121517271115102403W0314
CP2550/XL;2403W0324;01037602466004911122121517271115102403W0324
CP2560/XL;2403W0326;01037602466005071122121517271115102403W0326
CP2613/XL;2403W0327;01037602466039351122121517271115102403W0327
CP2740/XL;2403W0329;01037602466005211122121517271115102403W0329
CP2750/XL;2403W0330;01037602466039661122121517271115102403W0330
CEGS2250;2405W0331;01037602466039421124051517290415102405W0331
CEGS2370;2409W0351;01037602466039591124090517290805102409W0351
CEGS2540;2405W0333;01037602466000401124051517290415102405W0333
CEGS2550;2405W0334;01037602466005451124051517290415102405W0334
CEGS2740;2405W0335;01037602466005761124051517290415102405W0335
CP2240/XL;2405W0336;01037602466004221124051517290415102405W0336
CP2250/XL;2405W0337;01037602466039421124051517290415102405W0337
CP2560/XL;2405W0338;01037602466005071124051517290415102405W0338
CEGS2250;2310W0285;01037602466039421123102617280926102310W0285
CP2290/XL;2310W0283;01037602466004531123102617280926102310W0283
CP2290/XL;2310W0284;01037602466004531123102617280926102310W0284
CEGS2550;2407W0339;01037602466005451124071517290615102405W0339
CEGS2560;2407W0340;01037602466005691124071517290615102405W0340
CEGS2740;2407W0341;01037602466005761124071517290615102405W0341
CP1890/XL;2407W0342;01037602466011771124071517290615102405W0342
CP2070/XL;2407W0343;01037602466011841124071517290615102405W0343
CP2090/XL;2407W0344;01037602466011911124071517290615102405W0344
CP2240/XL;2407W0345;01037602466004221124071517290615102405W0345
CP2250/XL;2407W0346;01037602466039421124071517290615102405W0346
CP2290/XL;2407W0347;01037602466004531124071517290615102405W0347
CP2530/XL;2407W0348;01037602466039281124071517290615102405W0348
CP2550/XL;2407W0349;01037602466004911124071517290615102405W0349
CEGS2250;2409W0350;01037602466039421124090517290805102409W0350
CEGS2560;2205W0181;01037602466005691122051517270415102205W0181
CP2240/XL;2409W0352;01037602466004221124090517290805102409W0352
CP2250/XL;2409W0353;01037602466004391124090517290805102409W0353
CP2350/XL;2409W0354;01037602466004771124090517290805102409W0354
CP2540/XL;2409W0355;01037602466004841124090517290805102409W0355
CP2550/XL;2409W0356;01037602466004911124090517290805102409W0356
CP2560/XL;2409W0357;01037602466005071124090517290805102409W0357
CP2240/XL;2410W0358;01037602466004221124102517290925102410W0358
CP2250/XL;2410W0359;01037602466039421124102517290925102410W0359
CP2350/XL;2410W0360;01037602466004771124102517290925102410W0360
CP2540/XL;2410W0361;01037602466004841124102517290925102410W0361
CP2550/XL;2410W0362;01037602466004911124102517290925102410W0362
CP2560/XL;2410W0363;01037602466005071124102517290925102410W0363
CEGS2540;2410W0364;01037602466000401124102517290925102410W0364
CEGS2550;2410W0365;01037602466005451124102517290925102410W0365
CEGS2740;2410W0366;01037602466005761124102517290925102410W0366
CP2290/XL;2502W0367;01037602466004531125020817300108102502W0367
CP2350/XL;2502W0368;01037602466004771125020817300108102502W0368
CP2550/XL;2502W0369;01037602466004911125020817300108102502W0369
CP2560/XL;2502W0370;01037602466005071125020817300108102502W0370
CP2740/XL;2502W0371;01037602466005211125020817300108102502W0371
CEGS2560;2205W0181;01037602466005691122051517270415102205W0181
CEGS2370;2502W0373;01037602466039591125020817300108102502W0373
CEGS2540;2502W0374;01037602466000401125020817300108102502W0374
CEGS2550;2502W0375;01037602466005451125020817300108102502W0375
CEGS2550;2502W0380;01037602466005451125021517300115102502W0380
CEGS2250;2502W0376;01037602466039421125020817300108102502W0376
CEGS2370;2502W0377;01037602466039591125020817300108102502W0377
CEGS2550;2502W0378;01037602466005451125020817300108102502W0378
CP2240/XL;2025W0381;01037602466004221125052517300425102410W0381
CP2290/XL;2025W0382;01037602466004531125052517300425102502W0382
CP2350/XL;2025W0383;01037602466004771125052517300425102410W0383
CP2540/XL;2025W0384;01037602466004841125052517300425102410W0384
CP2740/XL;2025W0385;01037602466005211125052517300425102502W0385
CEGS2250;2025W0386;01037602466039421125052517300425102502W0386
CEGS2350;2025W0387;01037602466011391124051517290415102405W0387
CP2250/XL;2507N0388;01037602466039421125081517300715102507N0388
CP2350/XL;2507N0389;01037602466004771125081517300715102507N0389
CP2550/XL;2507N0390;01037602466004911125081517300715102507N0390
CP2560/XL;2507N0391;01037602466005071125081517300715102507N0391
CP2740/XL;2507N0392;01037602466005211125081517300715102507N0392
CP2290/XL;2310W0283;01037602466004531123102617280926102310W0283
CP2290/XL;2310W0284;01037602466004531123102617280926102310W0284
CEGS2250;2310W0285;01037602466039421123102617280926102310W0285
CP2250/XL;2510N0393;01037602466039421125102017300920102510N0393
CP2330/XL;2510N0394;01037602466004601125102017300920102510N0394
CP2350/XL;2510N0395;01037602466004771125102017300920102510N0395
CP2540/XL;2510N0396;01037602466004841125102017300920102510N0396
CP2550/XL;2510N0397;01037602466004911125102017300920102510N0397
CP2560/XL;2510N0398;01037602466005071125102017300920102510N0398
CP2250/XL;2512N0399;01037602466039421125112017301020102510N0399
CP2550/XL;2512N0400;01037602466004911125112017301020102510N0400
CEGS2350;2512N0401;01037602466011391125112017301020102510N0401
CP1870/XL;2603N0402;01037602466004151126033017310230102603N0402
CP2240/XL;2603N0403;01037602466004221126033017310230102603N0403
CP2250/XL;2603N0404;01037602466039421126033017310230102603N0404
CP2350/XL;2603N0405;01037602466004771126033017310230102603N0405
CP2540/XL;2603N0406;01037602466004841126033017310230102603N0406
CP2550/XL;2603N0407;01037602466004911126033017310230102603N0407
CP2560/XL;2603N0408;01037602466005071126033017310230102603N0408
CP2740/XL;2603N0409;01037602466005211126033017310230102603N0409
CP2240/XL;2605N0410;01037602466004221126053017310430102605N0410
CP2250/XL;2605N0411;01037602466039421126053017310430102605N0411
CP2350/XL;2605N0412;01037602466004771126053017310430102605N0412
CP2540/XL;2605N0413;01037602466004841126053017310430102605N0413
CP2550/XL;2605N0414;01037602466004911126053017310430102605N0414
CP2560/XL;2605N0415;01037602466005071126053017310430102605N0415
CEGS2550;2605N0416;01037602466005451126053017310430102605N0416
CEGS2560;2605N0417;01037602466005691126053017310430102605N0417
